pwm left,pwm right,srf left,srf right
0.0,0.0,0.0,0.0
0.0,0.0,0.0,0.0
0.0,0.0,0.0,0.0
0.0,0.0,0.0,0.0
0.0,0.0,0.0,0.0
0.0,0.0,0.0,0.0
0.0,0.0,0.0,0.0
0.0,0.0,0.0,0.0
0.0,0.0,0.0,0.0
0.0,0.0,0.0,0.0
0.0,0.0,0.0,0.0
0.0,0.0,0.0,0.0
0.0,0.0,0.0,0.0
0.0,0.0,0.0,0.0
0.0,0.0,0.0,0.0
0.0,0.0,0.0,0.0
0.0,0.0,0.0,0.0
0.0,0.0,0.0,0.0
0.0,0.0,0.0,0.0
0.0,0.0,0.0,0.0
0.0,0.0,0.0,0.0
0.0,0.0,0.0,0.0
0.0,0.0,0.0,0.0
0.0,0.0,0.0,0.0
0.0,0.0,0.0,0.0
0.0,0.0,0.0,0.0
0.0,0.0,0.0,0.0
0.0,0.0,0.0,0.0
0.0,0.0,0.0,0.0
0.0,0.0,0.0,0.0
0.0,0.0,0.0,0.0
0.0,0.0,0.0,0.0
0.0,0.0,0.0,0.0
0.0,0.0,0.0,0.0
0.0,0.0,0.0,0.0
0.0,0.0,0.0,0.0
0.0,0.0,0.0,0.0
0.0,0.0,0.0,0.0
0.0,0.0,0.0,0.0
0.0,0.0,0.0,0.0
0.0,0.0,0.0,0.0
0.0,0.0,0.0,0.0
0.0,0.0,0.0,0.0
0.0,0.0,0.0,0.0
0.0,0.0,0.0,0.0
0.0,0.0,0.0,0.0
0.0,0.0,0.0,0.0
0.0,0.0,0.0,0.0
0.0,0.0,0.0,0.0
0.0,0.0,0.0,0.0
0.0,0.0,0.0,0.0
0.0,0.0,0.0,0.0
0.0,0.0,0.0,0.0
0.0,0.0,0.0,0.0
0.0,0.0,0.0,0.0
0.0,0.0,0.0,0.0
0.0,0.0,0.0,0.0
0.0,0.0,0.0,0.0
0.0,0.0,0.0,0.0
0.0,0.0,0.0,0.0
0.0,0.0,0.0,0.0
0.0,0.0,0.0,0.0
0.0,0.0,0.0,0.0
0.0,0.0,0.0,0.0
0.0,0.0,0.0,0.0
0.0,0.0,0.0,0.0
0.0,0.0,0.0,0.0
0.0,0.0,0.0,0.0
0.0,0.0,0.0,0.0
0.0,0.0,0.0,0.0
0.0,0.0,0.0,0.0
0.0,0.0,0.0,0.0
0.0,0.0,0.0,0.0
0.0,0.0,0.0,0.0
0.0,0.0,0.0,0.0
0.0,0.0,0.0,0.0
0.0,0.0,0.0,0.0
0.0,0.0,0.0,0.0
0.0,0.0,0.0,0.0
0.0,0.0,0.0,0.0
0.0,0.0,0.0,0.0
0.0,0.0,244.0,52.0
50.0,80.0,289.0,50.0
49.0,79.0,274.0,50.0
48.0,78.0,274.0,49.0
47.0,77.0,271.0,47.0
46.0,76.0,269.0,44.0
45.0,75.0,260.0,40.0
44.0,74.0,257.0,41.0
43.0,73.0,254.0,43.0
42.0,72.0,251.0,47.0
41.0,71.0,117.0,50.0
40.0,70.0,245.0,55.0
39.0,69.0,243.0,67.0
38.0,68.0,240.0,64.0
37.0,67.0,238.0,90.0
36.0,66.0,237.0,250.0
35.0,65.0,239.0,351.0
34.0,64.0,233.0,235.0
33.0,63.0,229.0,229.0
32.0,62.0,226.0,226.0
31.0,61.0,224.0,222.0
30.0,60.0,222.0,219.0
30.0,59.0,221.0,216.0
30.0,58.0,223.0,213.0
30.0,57.0,231.0,210.0
30.0,56.0,230.0,191.0
30.0,55.0,230.0,212.0
30.0,54.0,215.0,188.0
30.0,53.0,213.0,15.0
30.0,52.0,224.0,201.0
30.0,51.0,224.0,200.0
30.0,50.0,223.0,198.0
30.0,49.0,221.0,197.0
30.0,48.0,219.0,195.0
30.0,47.0,220.0,183.0
30.0,46.0,219.0,182.0
30.0,45.0,217.0,196.0
30.0,44.0,219.0,192.0
30.0,43.0,220.0,192.0
30.0,42.0,0.0,0.0
0.0,0.0,0.0,0.0
0.0,0.0,0.0,0.0
0.0,0.0,0.0,0.0
0.0,0.0,0.0,0.0
0.0,0.0,0.0,0.0
0.0,0.0,0.0,0.0
0.0,0.0,0.0,0.0
0.0,0.0,0.0,0.0
0.0,0.0,0.0,0.0
0.0,0.0,0.0,0.0
0.0,0.0,0.0,0.0
0.0,0.0,0.0,0.0
0.0,0.0,0.0,0.0
0.0,0.0,0.0,0.0
0.0,0.0,0.0,0.0
0.0,0.0,0.0,0.0
0.0,0.0,0.0,0.0
0.0,0.0,0.0,0.0
0.0,0.0,0.0,0.0
0.0,0.0,0.0,0.0
0.0,0.0,0.0,0.0
0.0,0.0,0.0,0.0
0.0,0.0,0.0,0.0
0.0,0.0,0.0,0.0
0.0,0.0,0.0,0.0
0.0,0.0,0.0,0.0
0.0,0.0,0.0,0.0
0.0,0.0,0.0,0.0
0.0,0.0,0.0,0.0
0.0,0.0,0.0,0.0
0.0,0.0,0.0,0.0
0.0,0.0,0.0,0.0
0.0,0.0,0.0,0.0
0.0,0.0,0.0,0.0
0.0,0.0,0.0,0.0
0.0,0.0,0.0,0.0
0.0,0.0,0.0,0.0
0.0,0.0,0.0,0.0
0.0,0.0,0.0,0.0
0.0,0.0,0.0,0.0
0.0,0.0,0.0,0.0
0.0,0.0,0.0,0.0
0.0,0.0,0.0,0.0
0.0,0.0,0.0,0.0
0.0,0.0,0.0,0.0
0.0,0.0,0.0,0.0
0.0,0.0,0.0,0.0
0.0,0.0,0.0,0.0
0.0,0.0,0.0,0.0
0.0,0.0,0.0,0.0
0.0,0.0,0.0,0.0
0.0,0.0,0.0,0.0
0.0,0.0,0.0,0.0
0.0,0.0,0.0,0.0
0.0,0.0,0.0,0.0
0.0,0.0,0.0,0.0
0.0,0.0,0.0,0.0
0.0,0.0,0.0,0.0
0.0,0.0,0.0,0.0
0.0,0.0,0.0,0.0
0.0,0.0,0.0,0.0
0.0,0.0,0.0,0.0
0.0,0.0,0.0,0.0
0.0,0.0,0.0,0.0
0.0,0.0,0.0,0.0
0.0,0.0,0.0,0.0
0.0,0.0,0.0,0.0
0.0,0.0,0.0,0.0
0.0,0.0,0.0,0.0
0.0,0.0,0.0,0.0
0.0,0.0,0.0,0.0
0.0,0.0,0.0,0.0
0.0,0.0,0.0,0.0
0.0,0.0,0.0,0.0
0.0,0.0,0.0,0.0
0.0,0.0,0.0,0.0
0.0,0.0,0.0,0.0
0.0,0.0,0.0,0.0
0.0,0.0,0.0,0.0
0.0,0.0,0.0,0.0
0.0,0.0,100.0,189.0
80.0,50.0,93.0,117.0
79.0,49.0,90.0,114.0
78.0,48.0,89.0,113.0
77.0,47.0,87.0,111.0
76.0,46.0,83.0,236.0
75.0,45.0,80.0,233.0
74.0,44.0,79.0,231.0
73.0,43.0,77.0,230.0
72.0,42.0,76.0,231.0
71.0,41.0,75.0,225.0
70.0,40.0,66.0,223.0
69.0,39.0,63.0,222.0
68.0,38.0,61.0,242.0
67.0,37.0,60.0,218.0
66.0,36.0,58.0,214.0
65.0,35.0,55.0,214.0
64.0,34.0,53.0,242.0
63.0,33.0,51.0,208.0
62.0,32.0,53.0,206.0
61.0,31.0,54.0,205.0
60.0,30.0,55.0,203.0
59.0,30.0,57.0,200.0
58.0,30.0,60.0,198.0
57.0,30.0,65.0,196.0
56.0,30.0,70.0,196.0
55.0,30.0,74.0,193.0
54.0,30.0,79.0,192.0
53.0,30.0,83.0,188.0
52.0,30.0,89.0,187.0
51.0,30.0,97.0,187.0
50.0,30.0,225.0,223.0
49.0,30.0,223.0,221.0
48.0,30.0,220.0,278.0
47.0,30.0,217.0,264.0
46.0,30.0,214.0,247.0
45.0,30.0,212.0,247.0
44.0,30.0,210.0,245.0
43.0,30.0,209.0,243.0
42.0,30.0,0.0,0.0
0.0,0.0,102.0,102.0
69.0,69.0,101.0,100.0
68.0,68.0,100.0,99.0
67.0,67.0,99.0,98.0
66.0,66.0,97.0,96.0
65.0,65.0,94.0,94.0
64.0,64.0,92.0,91.0
63.0,63.0,90.0,89.0
62.0,62.0,87.0,87.0
61.0,61.0,85.0,84.0
60.0,60.0,83.0,82.0
59.0,59.0,80.0,80.0
58.0,58.0,78.0,78.0
57.0,57.0,76.0,75.0
56.0,56.0,73.0,73.0
55.0,55.0,72.0,71.0
54.0,54.0,69.0,68.0
53.0,53.0,67.0,66.0
52.0,52.0,65.0,64.0
51.0,51.0,63.0,62.0
50.0,50.0,61.0,60.0
49.0,49.0,58.0,58.0
48.0,48.0,56.0,56.0
47.0,47.0,55.0,54.0
46.0,46.0,52.0,52.0
45.0,45.0,50.0,50.0
44.0,44.0,49.0,48.0
43.0,43.0,47.0,46.0
42.0,42.0,46.0,45.0
41.0,41.0,44.0,43.0
40.0,40.0,42.0,41.0
39.0,39.0,40.0,40.0
38.0,38.0,37.0,16.0
37.0,37.0,36.0,18.0
36.0,36.0,35.0,34.0
35.0,35.0,33.0,32.0
34.0,34.0,31.0,30.0
33.0,33.0,30.0,29.0
32.0,32.0,28.0,28.0
31.0,31.0,28.0,26.0
30.0,30.0,26.0,24.0
29.0,29.0,25.0,23.0
28.0,28.0,24.0,22.0
27.0,27.0,23.0,21.0
26.0,26.0,21.0,21.0
25.0,25.0,20.0,21.0
24.0,24.0,20.0,19.0
23.0,23.0,19.0,18.0
22.0,22.0,18.0,17.0
21.0,21.0,18.0,17.0
20.0,20.0,18.0,16.0
19.0,19.0,19.0,16.0
18.0,18.0,17.0,15.0
17.0,17.0,16.0,15.0
16.0,16.0,17.0,14.0
15.0,15.0,15.0,15.0
14.0,14.0,15.0,15.0
13.0,13.0,15.0,15.0
12.0,12.0,29.0,16.0
11.0,11.0,17.0,14.0
-10.0,-10.0,16.0,16.0
-11.0,-11.0,30.0,14.0
-12.0,-12.0,31.0,14.0
-13.0,-13.0,31.0,14.0
-14.0,-14.0,31.0,15.0
-15.0,-15.0,31.0,14.0
-16.0,-16.0,31.0,15.0
-17.0,-17.0,32.0,14.0
-18.0,-18.0,31.0,15.0
-19.0,-19.0,32.0,15.0
-20.0,-20.0,31.0,15.0
-21.0,-21.0,32.0,15.0
-22.0,-22.0,32.0,15.0
-23.0,-23.0,32.0,15.0
-24.0,-24.0,33.0,15.0
-25.0,-25.0,32.0,15.0
-26.0,-26.0,32.0,16.0
-27.0,-27.0,99.0,15.0
-28.0,-28.0,99.0,15.0
-29.0,-29.0,99.0,15.0
-30.0,-30.0,32.0,15.0
-31.0,-31.0,99.0,15.0
-32.0,-32.0,98.0,15.0
-33.0,-33.0,99.0,15.0
-34.0,-34.0,33.0,15.0
-35.0,-35.0,99.0,15.0
-36.0,-36.0,99.0,15.0
-37.0,-37.0,32.0,16.0
-38.0,-38.0,54.0,15.0
-39.0,-39.0,30.0,16.0
-40.0,-40.0,25.0,16.0
-41.0,-41.0,46.0,15.0
-42.0,-42.0,100.0,15.0
-43.0,-43.0,100.0,15.0
-44.0,-44.0,101.0,15.0
-45.0,-45.0,103.0,17.0
-46.0,-46.0,20.0,18.0
-47.0,-47.0,21.0,18.0
-48.0,-48.0,21.0,19.0
-49.0,-49.0,23.0,21.0
-50.0,-50.0,24.0,22.0
-51.0,-51.0,26.0,23.0
-52.0,-52.0,27.0,25.0
-53.0,-53.0,29.0,26.0
-54.0,-54.0,31.0,27.0
-55.0,-55.0,32.0,29.0
-56.0,-56.0,34.0,31.0
-57.0,-57.0,37.0,32.0
-58.0,-58.0,38.0,35.0
-59.0,-59.0,40.0,37.0
-60.0,-60.0,43.0,40.0
-61.0,-61.0,44.0,42.0
-62.0,-62.0,47.0,44.0
-63.0,-63.0,49.0,46.0
-64.0,-64.0,51.0,48.0
-65.0,-65.0,53.0,50.0
-66.0,-66.0,55.0,52.0
-67.0,-67.0,57.0,54.0
-68.0,-68.0,60.0,56.0
-69.0,-69.0,0.0,0.0
0.0,0.0,0.0,0.0
0.0,0.0,0.0,0.0
0.0,0.0,0.0,0.0
0.0,0.0,0.0,0.0
0.0,0.0,0.0,0.0
0.0,0.0,0.0,0.0
0.0,0.0,0.0,0.0
0.0,0.0,0.0,0.0
0.0,0.0,0.0,0.0
0.0,0.0,0.0,0.0
0.0,0.0,0.0,0.0
0.0,0.0,0.0,0.0
0.0,0.0,0.0,0.0
0.0,0.0,0.0,0.0
0.0,0.0,0.0,0.0
0.0,0.0,0.0,0.0
0.0,0.0,0.0,0.0
0.0,0.0,0.0,0.0
0.0,0.0,0.0,0.0
0.0,0.0,0.0,0.0
0.0,0.0,0.0,0.0
0.0,0.0,0.0,0.0
0.0,0.0,0.0,0.0
0.0,0.0,0.0,0.0
0.0,0.0,0.0,0.0
0.0,0.0,0.0,0.0
0.0,0.0,0.0,0.0
0.0,0.0,0.0,0.0
0.0,0.0,0.0,0.0
0.0,0.0,0.0,0.0
0.0,0.0,0.0,0.0
0.0,0.0,0.0,0.0
0.0,0.0,0.0,0.0
0.0,0.0,0.0,0.0
0.0,0.0,0.0,0.0
0.0,0.0,0.0,0.0
0.0,0.0,0.0,0.0
0.0,0.0,0.0,0.0
0.0,0.0,0.0,0.0
0.0,0.0,0.0,0.0
0.0,0.0,0.0,0.0
0.0,0.0,0.0,0.0
0.0,0.0,0.0,0.0
0.0,0.0,0.0,0.0
0.0,0.0,0.0,0.0
0.0,0.0,0.0,0.0
0.0,0.0,0.0,0.0
0.0,0.0,0.0,0.0
0.0,0.0,0.0,0.0
0.0,0.0,0.0,0.0
0.0,0.0,0.0,0.0
0.0,0.0,0.0,0.0
0.0,0.0,0.0,0.0
0.0,0.0,0.0,0.0
0.0,0.0,0.0,0.0
0.0,0.0,0.0,0.0
0.0,0.0,0.0,0.0
0.0,0.0,0.0,0.0
0.0,0.0,0.0,0.0
0.0,0.0,0.0,0.0
0.0,0.0,0.0,0.0
0.0,0.0,0.0,0.0
0.0,0.0,0.0,0.0
0.0,0.0,0.0,0.0
0.0,0.0,0.0,0.0
0.0,0.0,0.0,0.0
0.0,0.0,0.0,0.0
0.0,0.0,0.0,0.0
0.0,0.0,0.0,0.0
0.0,0.0,0.0,0.0
0.0,0.0,0.0,0.0
0.0,0.0,0.0,0.0
0.0,0.0,0.0,0.0
0.0,0.0,0.0,0.0
0.0,0.0,0.0,0.0
0.0,0.0,0.0,0.0
0.0,0.0,0.0,0.0
0.0,0.0,0.0,0.0
0.0,0.0,0.0,0.0
0.0,0.0,0.0,244.0
80.0,50.0,52.0,289.0
79.0,49.0,50.0,274.0
78.0,48.0,50.0,274.0
77.0,47.0,49.0,271.0
76.0,46.0,47.0,269.0
75.0,45.0,44.0,260.0
74.0,44.0,40.0,257.0
73.0,43.0,41.0,254.0
72.0,42.0,43.0,251.0
71.0,41.0,47.0,117.0
70.0,40.0,50.0,245.0
69.0,39.0,55.0,243.0
68.0,38.0,67.0,240.0
67.0,37.0,64.0,238.0
66.0,36.0,90.0,237.0
65.0,35.0,100.0,239.0
64.0,34.0,95.0,233.0
63.0,33.0,92.0,229.0
62.0,32.0,85.0,226.0
61.0,31.0,80.0,224.0
60.0,30.0,72.0,222.0
59.0,29.0,63.0,221.0
58.0,28.0,55.0,223.0
57.0,27.0,47.0,231.0
56.0,26.0,40.0,230.0
55.0,25.0,49.0,230.0
54.0,24.0,56.0,215.0
53.0,23.0,64.0,213.0
52.0,22.0,70.0,224.0
51.0,21.0,79.0,224.0
50.0,20.0,86.0,223.0
49.0,19.0,91.0,221.0
48.0,18.0,99.0,219.0
47.0,17.0,107.0,220.0
46.0,16.0,122.0,219.0
45.0,15.0,132.0,217.0
44.0,14.0,145.0,219.0
43.0,13.0,162.0,220.0
42.0,12.0,180.0,230.0
41.0,11.0,0.0,0.0
0.0,0.0,0.0,0.0
0.0,0.0,0.0,0.0
0.0,0.0,0.0,0.0
0.0,0.0,0.0,0.0
0.0,0.0,0.0,0.0
0.0,0.0,0.0,0.0
0.0,0.0,0.0,0.0
0.0,0.0,0.0,0.0
0.0,0.0,0.0,0.0
0.0,0.0,0.0,0.0
0.0,0.0,0.0,0.0
0.0,0.0,0.0,0.0
0.0,0.0,0.0,0.0
0.0,0.0,0.0,0.0
0.0,0.0,0.0,0.0
0.0,0.0,0.0,0.0
0.0,0.0,0.0,0.0
0.0,0.0,0.0,0.0
0.0,0.0,0.0,0.0
0.0,0.0,0.0,0.0
0.0,0.0,0.0,0.0
0.0,0.0,0.0,0.0
0.0,0.0,0.0,0.0
0.0,0.0,0.0,0.0
0.0,0.0,0.0,0.0
0.0,0.0,0.0,0.0
0.0,0.0,0.0,0.0
0.0,0.0,0.0,0.0
0.0,0.0,0.0,0.0
0.0,0.0,0.0,0.0
0.0,0.0,0.0,0.0
0.0,0.0,0.0,0.0
0.0,0.0,0.0,0.0
0.0,0.0,0.0,0.0
0.0,0.0,0.0,0.0
0.0,0.0,0.0,0.0
0.0,0.0,0.0,0.0
0.0,0.0,0.0,0.0
0.0,0.0,0.0,0.0
0.0,0.0,0.0,0.0
0.0,0.0,0.0,0.0
0.0,0.0,0.0,0.0
0.0,0.0,0.0,0.0
0.0,0.0,0.0,0.0
0.0,0.0,0.0,0.0
0.0,0.0,0.0,0.0
0.0,0.0,0.0,0.0
0.0,0.0,0.0,0.0
0.0,0.0,0.0,0.0
0.0,0.0,0.0,0.0
0.0,0.0,0.0,0.0
0.0,0.0,0.0,0.0
0.0,0.0,0.0,0.0
0.0,0.0,0.0,0.0
0.0,0.0,0.0,0.0
0.0,0.0,0.0,0.0
0.0,0.0,0.0,0.0
0.0,0.0,0.0,0.0
0.0,0.0,0.0,0.0
0.0,0.0,0.0,0.0
0.0,0.0,0.0,0.0
0.0,0.0,0.0,0.0
0.0,0.0,0.0,0.0
0.0,0.0,0.0,0.0
0.0,0.0,0.0,0.0
0.0,0.0,0.0,0.0
0.0,0.0,0.0,0.0
0.0,0.0,0.0,0.0
0.0,0.0,0.0,0.0
0.0,0.0,0.0,0.0
0.0,0.0,0.0,0.0
0.0,0.0,0.0,0.0
0.0,0.0,0.0,0.0
0.0,0.0,0.0,0.0
0.0,0.0,0.0,0.0
0.0,0.0,0.0,0.0
0.0,0.0,0.0,0.0
0.0,0.0,0.0,0.0
0.0,0.0,0.0,0.0
0.0,0.0,244.0,0.0
50.0,80.0,289.0,52.0
49.0,79.0,274.0,50.0
48.0,78.0,274.0,50.0
47.0,77.0,271.0,49.0
46.0,76.0,269.0,47.0
45.0,75.0,260.0,44.0
44.0,74.0,257.0,40.0
43.0,73.0,254.0,41.0
42.0,72.0,251.0,43.0
41.0,71.0,117.0,47.0
40.0,70.0,245.0,50.0
39.0,69.0,243.0,55.0
38.0,68.0,240.0,67.0
37.0,67.0,238.0,64.0
36.0,66.0,237.0,90.0
35.0,65.0,239.0,100.0
34.0,64.0,233.0,95.0
33.0,63.0,229.0,92.0
32.0,62.0,226.0,85.0
31.0,61.0,224.0,80.0
30.0,60.0,222.0,72.0
29.0,59.0,221.0,63.0
28.0,58.0,223.0,55.0
27.0,57.0,231.0,47.0
26.0,56.0,230.0,40.0
25.0,55.0,230.0,49.0
24.0,54.0,215.0,56.0
23.0,53.0,213.0,64.0
22.0,52.0,224.0,70.0
21.0,51.0,224.0,79.0
20.0,50.0,223.0,86.0
19.0,49.0,221.0,91.0
18.0,48.0,219.0,99.0
17.0,47.0,220.0,107.0
16.0,46.0,219.0,122.0
15.0,45.0,217.0,132.0
14.0,44.0,219.0,145.0
13.0,43.0,220.0,162.0
12.0,42.0,230.0,180.0
11.0,41.0,0.0,0.0
0.0,0.0,0.0,0.0
0.0,0.0,0.0,0.0
0.0,0.0,0.0,0.0
0.0,0.0,0.0,0.0
0.0,0.0,0.0,0.0
0.0,0.0,0.0,0.0
0.0,0.0,0.0,0.0
0.0,0.0,0.0,0.0
0.0,0.0,0.0,0.0
0.0,0.0,0.0,0.0
0.0,0.0,0.0,0.0
0.0,0.0,0.0,0.0
0.0,0.0,0.0,0.0
0.0,0.0,0.0,0.0
0.0,0.0,0.0,0.0
0.0,0.0,0.0,0.0
0.0,0.0,0.0,0.0
0.0,0.0,0.0,0.0
0.0,0.0,0.0,0.0
0.0,0.0,0.0,0.0
0.0,0.0,0.0,0.0
0.0,0.0,0.0,0.0
0.0,0.0,0.0,0.0
0.0,0.0,0.0,0.0
0.0,0.0,0.0,0.0
0.0,0.0,0.0,0.0
0.0,0.0,0.0,0.0
0.0,0.0,0.0,0.0
0.0,0.0,0.0,0.0
0.0,0.0,0.0,0.0
0.0,0.0,120.0,93.0
79.0,49.0,318.0,306.0
78.0,48.0,318.0,314.0
77.0,47.0,29.0,302.0
76.0,46.0,302.0,301.0
75.0,45.0,26.0,298.0
74.0,44.0,295.0,295.0
73.0,43.0,27.0,291.0
72.0,42.0,288.0,287.0
71.0,41.0,30.0,240.0
70.0,40.0,29.0,227.0
69.0,39.0,24.0,230.0
68.0,38.0,277.0,275.0
67.0,37.0,273.0,272.0
66.0,36.0,269.0,269.0
65.0,35.0,265.0,266.0
64.0,34.0,262.0,264.0
63.0,33.0,258.0,268.0
62.0,32.0,257.0,270.0
61.0,31.0,253.0,262.0
60.0,30.0,250.0,258.0
59.0,29.0,247.0,251.0
58.0,28.0,243.0,247.0
57.0,27.0,247.0,246.0
56.0,26.0,239.0,253.0
55.0,25.0,236.0,250.0
54.0,24.0,241.0,249.0
53.0,23.0,229.0,286.0
52.0,22.0,225.0,295.0
51.0,21.0,222.0,238.0
50.0,20.0,220.0,232.0
49.0,21.0,15.0,15.0
48.0,22.0,221.0,231.0
47.0,23.0,216.0,232.0
46.0,24.0,212.0,229.0
45.0,25.0,209.0,267.0
44.0,26.0,207.0,261.0
43.0,27.0,205.0,260.0
42.0,28.0,203.0,256.0
41.0,29.0,200.0,254.0
40.0,30.0,197.0,250.0
39.0,31.0,194.0,206.0
38.0,32.0,62.0,208.0
37.0,33.0,190.0,246.0
36.0,34.0,57.0,243.0
35.0,35.0,185.0,251.0
34.0,36.0,182.0,237.0
33.0,37.0,180.0,242.0
32.0,38.0,178.0,240.0
31.0,39.0,182.0,235.0
30.0,40.0,176.0,227.0
29.0,41.0,171.0,223.0
28.0,42.0,168.0,221.0
27.0,43.0,165.0,222.0
26.0,44.0,163.0,228.0
25.0,45.0,161.0,224.0
24.0,46.0,158.0,222.0
23.0,47.0,156.0,220.0
22.0,48.0,154.0,218.0
21.0,49.0,152.0,216.0
20.0,50.0,152.0,227.0
20.0,51.0,150.0,225.0
20.0,52.0,146.0,209.0
20.0,53.0,144.0,193.0
20.0,54.0,144.0,200.0
20.0,55.0,143.0,175.0
20.0,56.0,142.0,21.0
20.0,57.0,139.0,16.0
20.0,58.0,137.0,16.0
20.0,59.0,136.0,167.0
20.0,60.0,134.0,138.0
20.0,61.0,132.0,170.0
20.0,62.0,130.0,17.0
20.0,63.0,128.0,17.0
20.0,64.0,126.0,17.0
20.0,65.0,123.0,173.0
20.0,66.0,121.0,17.0
20.0,67.0,140.0,119.0
20.0,68.0,137.0,118.0
20.0,69.0,136.0,124.0
20.0,70.0,160.0,110.0
20.0,71.0,131.0,105.0
20.0,72.0,156.0,103.0
20.0,73.0,26.0,100.0
20.0,74.0,128.0,98.0
20.0,75.0,148.0,95.0
20.0,76.0,148.0,92.0
20.0,77.0,148.0,91.0
20.0,78.0,146.0,88.0
20.0,79.0,0.0,0.0
0.0,0.0,0.0,0.0
0.0,0.0,0.0,0.0
0.0,0.0,0.0,0.0
0.0,0.0,0.0,0.0
0.0,0.0,0.0,0.0
0.0,0.0,0.0,0.0
0.0,0.0,0.0,0.0
0.0,0.0,0.0,0.0
0.0,0.0,0.0,0.0
0.0,0.0,0.0,0.0
0.0,0.0,0.0,0.0
0.0,0.0,0.0,0.0
0.0,0.0,0.0,0.0
0.0,0.0,0.0,0.0
0.0,0.0,0.0,0.0
0.0,0.0,0.0,0.0
0.0,0.0,0.0,0.0
0.0,0.0,0.0,0.0
0.0,0.0,0.0,0.0
0.0,0.0,0.0,0.0
0.0,0.0,0.0,0.0
0.0,0.0,0.0,0.0
0.0,0.0,0.0,0.0
0.0,0.0,0.0,0.0
0.0,0.0,0.0,0.0
0.0,0.0,0.0,0.0
0.0,0.0,0.0,0.0
0.0,0.0,0.0,0.0
0.0,0.0,0.0,0.0
0.0,0.0,0.0,0.0
0.0,0.0,93.0,120.0
49.0,79.0,306.0,318.0
48.0,78.0,314.0,318.0
47.0,77.0,302.0,29.0
46.0,76.0,301.0,302.0
45.0,75.0,298.0,26.0
44.0,74.0,295.0,295.0
43.0,73.0,291.0,27.0
42.0,72.0,287.0,288.0
41.0,71.0,240.0,30.0
40.0,70.0,227.0,29.0
39.0,69.0,230.0,24.0
38.0,68.0,275.0,277.0
37.0,67.0,272.0,273.0
36.0,66.0,269.0,269.0
35.0,65.0,266.0,265.0
34.0,64.0,264.0,262.0
33.0,63.0,268.0,258.0
32.0,62.0,270.0,257.0
31.0,61.0,262.0,253.0
30.0,60.0,258.0,250.0
29.0,59.0,251.0,247.0
28.0,58.0,247.0,243.0
27.0,57.0,246.0,247.0
26.0,56.0,253.0,239.0
25.0,55.0,250.0,236.0
24.0,54.0,249.0,241.0
23.0,53.0,286.0,229.0
22.0,52.0,295.0,225.0
21.0,51.0,238.0,222.0
20.0,50.0,232.0,220.0
21.0,49.0,15.0,15.0
22.0,48.0,231.0,221.0
23.0,47.0,232.0,216.0
24.0,46.0,229.0,212.0
25.0,45.0,267.0,209.0
26.0,44.0,261.0,207.0
27.0,43.0,260.0,205.0
28.0,42.0,256.0,203.0
29.0,41.0,254.0,200.0
30.0,40.0,250.0,197.0
31.0,39.0,206.0,194.0
32.0,38.0,208.0,62.0
33.0,37.0,246.0,190.0
34.0,36.0,243.0,57.0
35.0,35.0,251.0,185.0
36.0,34.0,237.0,182.0
37.0,33.0,242.0,180.0
38.0,32.0,240.0,178.0
39.0,31.0,235.0,182.0
40.0,30.0,227.0,176.0
41.0,29.0,223.0,171.0
42.0,28.0,221.0,168.0
43.0,27.0,222.0,165.0
44.0,26.0,228.0,163.0
45.0,25.0,224.0,161.0
46.0,24.0,222.0,158.0
47.0,23.0,220.0,156.0
48.0,22.0,218.0,154.0
49.0,21.0,216.0,152.0
50.0,20.0,227.0,152.0
51.0,20.0,225.0,150.0
52.0,20.0,209.0,146.0
53.0,20.0,193.0,144.0
54.0,20.0,200.0,144.0
55.0,20.0,175.0,143.0
56.0,20.0,21.0,142.0
57.0,20.0,16.0,139.0
58.0,20.0,16.0,137.0
59.0,20.0,167.0,136.0
60.0,20.0,138.0,134.0
61.0,20.0,170.0,132.0
62.0,20.0,17.0,130.0
63.0,20.0,17.0,128.0
64.0,20.0,17.0,126.0
65.0,20.0,173.0,123.0
66.0,20.0,17.0,121.0
67.0,20.0,119.0,140.0
68.0,20.0,118.0,137.0
69.0,20.0,124.0,136.0
70.0,20.0,110.0,160.0
71.0,20.0,105.0,131.0
72.0,20.0,103.0,156.0
73.0,20.0,100.0,26.0
74.0,20.0,98.0,128.0
75.0,20.0,95.0,148.0
76.0,20.0,92.0,148.0
77.0,20.0,91.0,148.0
78.0,20.0,88.0,146.0
79.0,20.0,0.0,0.0
0.0,0.0,0.0,0.0
0.0,0.0,0.0,0.0
0.0,0.0,0.0,0.0
0.0,0.0,0.0,0.0
0.0,0.0,0.0,0.0
0.0,0.0,0.0,0.0
0.0,0.0,0.0,0.0
0.0,0.0,0.0,0.0
0.0,0.0,0.0,0.0
0.0,0.0,0.0,0.0
0.0,0.0,0.0,0.0
0.0,0.0,0.0,0.0
0.0,0.0,0.0,0.0
0.0,0.0,0.0,0.0
0.0,0.0,0.0,0.0
0.0,0.0,0.0,0.0
0.0,0.0,0.0,0.0
0.0,0.0,0.0,0.0
0.0,0.0,0.0,0.0
0.0,0.0,0.0,0.0
0.0,0.0,0.0,0.0
0.0,0.0,0.0,0.0
0.0,0.0,0.0,0.0
0.0,0.0,0.0,0.0
0.0,0.0,104.0,92.0
70.0,70.0,102.0,90.0
70.0,70.0,97.0,84.0
70.0,70.0,96.0,82.0
70.0,70.0,94.0,81.0
70.0,70.0,91.0,77.0
70.0,70.0,89.0,74.0
70.0,70.0,85.0,71.0
70.0,70.0,82.0,67.0
70.0,70.0,79.0,64.0
70.0,70.0,76.0,60.0
70.0,70.0,73.0,58.0
70.0,70.0,69.0,55.0
70.0,70.0,61.0,51.0
70.0,70.0,54.0,49.0
70.0,70.0,48.0,45.0
70.0,70.0,45.0,41.0
70.0,70.0,42.0,38.0
70.0,70.0,38.0,35.0
70.0,70.0,36.0,31.0
70.0,70.0,32.0,29.0
70.0,-70.0,30.0,26.0
70.0,-70.0,28.0,24.0
70.0,-70.0,25.0,23.0
70.0,-70.0,23.0,485.0
70.0,-70.0,22.0,420.0
70.0,-70.0,22.0,349.0
70.0,-70.0,30.0,246.0
70.0,-70.0,448.0,243.0
70.0,-70.0,326.0,241.0
70.0,-70.0,263.0,242.0
70.0,-70.0,244.0,215.0
40.0,40.0,116.0,200.0
40.0,40.0,244.0,195.0
40.0,40.0,215.0,195.0
40.0,40.0,315.0,192.0
40.0,40.0,314.0,191.0
40.0,40.0,69.0,191.0
40.0,40.0,65.0,191.0
40.0,40.0,65.0,191.0
40.0,40.0,63.0,190.0
40.0,40.0,60.0,188.0
40.0,40.0,58.0,187.0
40.0,40.0,56.0,182.0
40.0,40.0,54.0,180.0
40.0,40.0,51.0,179.0
40.0,40.0,49.0,180.0
40.0,40.0,47.0,230.0
40.0,40.0,45.0,229.0
40.0,40.0,42.0,224.0
40.0,40.0,40.0,222.0
40.0,40.0,38.0,220.0
40.0,40.0,36.0,218.0
40.0,40.0,33.0,37.0
40.0,40.0,31.0,33.0
40.0,40.0,30.0,30.0
40.0,40.0,27.0,28.0
40.0,40.0,25.0,26.0
40.0,40.0,23.0,24.0
40.0,40.0,21.0,23.0
40.0,40.0,19.0,21.0
-70.0,70.0,19.0,20.0
-70.0,70.0,18.0,363.0
-70.0,70.0,17.0,17.0
-70.0,70.0,417.0,15.0
-70.0,70.0,388.0,14.0
-70.0,70.0,344.0,15.0
-70.0,70.0,249.0,418.0
-70.0,70.0,116.0,368.0
70.0,70.0,244.0,331.0
70.0,70.0,245.0,248.0
70.0,70.0,247.0,245.0
70.0,70.0,243.0,242.0
70.0,70.0,240.0,240.0
70.0,70.0,237.0,235.0
70.0,70.0,234.0,232.0
70.0,70.0,231.0,228.0
70.0,70.0,228.0,225.0
70.0,70.0,224.0,222.0
70.0,70.0,221.0,219.0
70.0,70.0,218.0,164.0
70.0,70.0,214.0,80.0
70.0,70.0,80.0,208.0
70.0,70.0,208.0,205.0
70.0,70.0,205.0,202.0
70.0,70.0,201.0,198.0
70.0,70.0,198.0,195.0
70.0,70.0,70.0,191.0
70.0,70.0,198.0,188.0
70.0,70.0,195.0,185.0
70.0,70.0,191.0,182.0
70.0,70.0,182.0,178.0
70.0,70.0,178.0,175.0
70.0,70.0,178.0,172.0
70.0,70.0,177.0,169.0
70.0,70.0,0.0,0.0
0.0,0.0,0.0,0.0
0.0,0.0,0.0,0.0
0.0,0.0,0.0,0.0
0.0,0.0,0.0,0.0
0.0,0.0,0.0,0.0
0.0,0.0,0.0,0.0
0.0,0.0,0.0,0.0
0.0,0.0,0.0,0.0
0.0,0.0,0.0,0.0
0.0,0.0,0.0,0.0
0.0,0.0,0.0,0.0
0.0,0.0,0.0,0.0
0.0,0.0,0.0,0.0
0.0,0.0,0.0,0.0
0.0,0.0,0.0,0.0
0.0,0.0,0.0,0.0
0.0,0.0,0.0,0.0
0.0,0.0,0.0,0.0
0.0,0.0,0.0,0.0
0.0,0.0,0.0,0.0
0.0,0.0,0.0,0.0
0.0,0.0,0.0,0.0
0.0,0.0,0.0,0.0
0.0,0.0,0.0,0.0
0.0,0.0,0.0,0.0
0.0,0.0,0.0,0.0
0.0,0.0,0.0,0.0
0.0,0.0,0.0,0.0
0.0,0.0,0.0,0.0
0.0,0.0,0.0,0.0
0.0,0.0,0.0,0.0
0.0,0.0,0.0,0.0
0.0,0.0,0.0,0.0
0.0,0.0,0.0,0.0
0.0,0.0,0.0,0.0
0.0,0.0,0.0,0.0
0.0,0.0,0.0,0.0
0.0,0.0,0.0,0.0
0.0,0.0,0.0,0.0
0.0,0.0,0.0,0.0
0.0,0.0,0.0,0.0
0.0,0.0,0.0,0.0
0.0,0.0,0.0,0.0
0.0,0.0,0.0,0.0
0.0,0.0,0.0,0.0
0.0,0.0,0.0,0.0
0.0,0.0,0.0,0.0
0.0,0.0,0.0,0.0
0.0,0.0,0.0,0.0
0.0,0.0,0.0,0.0
0.0,0.0,0.0,0.0
0.0,0.0,0.0,0.0
0.0,0.0,0.0,0.0
0.0,0.0,0.0,0.0
0.0,0.0,84.0,97.0
70.0,70.0,76.0,98.0
70.0,70.0,117.0,119.0
70.0,70.0,118.0,80.0
70.0,70.0,118.0,74.0
70.0,70.0,110.0,84.0
70.0,70.0,63.0,86.0
70.0,70.0,102.0,62.0
70.0,70.0,90.0,88.0
70.0,70.0,99.0,62.0
70.0,70.0,117.0,95.0
70.0,70.0,118.0,117.0
70.0,70.0,70.0,72.0
70.0,70.0,119.0,78.0
70.0,70.0,84.0,79.0
70.0,70.0,81.0,71.0
70.0,70.0,94.0,107.0
70.0,70.0,109.0,88.0
70.0,70.0,115.0,111.0
70.0,70.0,119.0,112.0
70.0,70.0,68.0,112.0
70.0,70.0,97.0,82.0
70.0,70.0,65.0,112.0
70.0,70.0,81.0,92.0
70.0,70.0,68.0,99.0
70.0,70.0,95.0,84.0
70.0,70.0,73.0,87.0
70.0,70.0,86.0,65.0
70.0,70.0,61.0,82.0
70.0,70.0,107.0,83.0
70.0,70.0,84.0,65.0
70.0,70.0,69.0,86.0
70.0,70.0,88.0,112.0
70.0,70.0,113.0,93.0
70.0,70.0,106.0,85.0
70.0,70.0,69.0,112.0
70.0,70.0,113.0,102.0
70.0,70.0,100.0,80.0
70.0,70.0,63.0,73.0
70.0,70.0,110.0,108.0
70.0,70.0,66.0,99.0
70.0,70.0,106.0,67.0
70.0,70.0,97.0,111.0
70.0,70.0,100.0,82.0
70.0,70.0,83.0,73.0
70.0,70.0,86.0,65.0
70.0,70.0,66.0,77.0
70.0,70.0,113.0,63.0
70.0,70.0,114.0,64.0
70.0,70.0,112.0,68.0
70.0,70.0,64.0,108.0
70.0,70.0,63.0,118.0
70.0,70.0,112.0,69.0
70.0,70.0,108.0,106.0
70.0,70.0,104.0,114.0
70.0,70.0,108.0,95.0
70.0,70.0,76.0,89.0
70.0,70.0,63.0,110.0
70.0,70.0,90.0,96.0
70.0,70.0,80.0,66.0
70.0,70.0,114.0,95.0
70.0,70.0,103.0,62.0
70.0,70.0,78.0,64.0
70.0,70.0,87.0,111.0
70.0,70.0,94.0,90.0
70.0,70.0,0.0,0.0
0.0,0.0,0.0,0.0
0.0,0.0,0.0,0.0
0.0,0.0,0.0,0.0
0.0,0.0,0.0,0.0
0.0,0.0,0.0,0.0
0.0,0.0,0.0,0.0
0.0,0.0,0.0,0.0
0.0,0.0,0.0,0.0
0.0,0.0,0.0,0.0
0.0,0.0,0.0,0.0
0.0,0.0,0.0,0.0
0.0,0.0,0.0,0.0
0.0,0.0,0.0,0.0
0.0,0.0,0.0,0.0
0.0,0.0,0.0,0.0
0.0,0.0,0.0,0.0
0.0,0.0,0.0,0.0
0.0,0.0,0.0,0.0
0.0,0.0,0.0,0.0
0.0,0.0,0.0,0.0
0.0,0.0,0.0,0.0
0.0,0.0,0.0,0.0
0.0,0.0,0.0,0.0
0.0,0.0,0.0,0.0
0.0,0.0,0.0,0.0
0.0,0.0,0.0,0.0
0.0,0.0,0.0,0.0
0.0,0.0,0.0,0.0
0.0,0.0,0.0,0.0
0.0,0.0,0.0,0.0
0.0,0.0,0.0,0.0
0.0,0.0,0.0,0.0
0.0,0.0,0.0,0.0
0.0,0.0,0.0,0.0
0.0,0.0,0.0,0.0
0.0,0.0,0.0,0.0
0.0,0.0,0.0,0.0
0.0,0.0,0.0,0.0
0.0,0.0,0.0,0.0
0.0,0.0,0.0,0.0
0.0,0.0,0.0,0.0
0.0,0.0,0.0,0.0
0.0,0.0,0.0,0.0
0.0,0.0,0.0,0.0
0.0,0.0,0.0,0.0
0.0,0.0,0.0,0.0
0.0,0.0,0.0,0.0
0.0,0.0,0.0,0.0
0.0,0.0,0.0,0.0
0.0,0.0,0.0,0.0
0.0,0.0,0.0,0.0
0.0,0.0,0.0,0.0
0.0,0.0,0.0,0.0
0.0,0.0,0.0,0.0
0.0,0.0,105.0,104.0
70.0,70.0,100.0,102.0
70.0,70.0,97.0,97.0
70.0,70.0,96.0,96.0
70.0,70.0,94.0,94.0
70.0,70.0,91.0,91.0
70.0,70.0,88.0,89.0
70.0,70.0,85.0,85.0
70.0,70.0,83.0,82.0
70.0,70.0,80.0,79.0
70.0,70.0,77.0,76.0
70.0,70.0,73.0,73.0
70.0,70.0,71.0,70.0
70.0,70.0,68.0,67.0
70.0,70.0,65.0,64.0
70.0,70.0,62.0,61.0
70.0,70.0,59.0,55.0
70.0,70.0,56.0,55.0
70.0,70.0,53.0,51.0
70.0,70.0,50.0,49.0
70.0,70.0,47.0,46.0
70.0,70.0,44.0,43.0
70.0,70.0,41.0,40.0
70.0,70.0,37.0,36.0
70.0,70.0,34.0,32.0
70.0,70.0,31.0,30.0
70.0,70.0,28.0,26.0
70.0,70.0,26.0,23.0
70.0,70.0,24.0,22.0
70.0,70.0,22.0,21.0
70.0,70.0,21.0,19.0
-70.0,70.0,26.0,17.0
-70.0,70.0,246.0,15.0
-70.0,70.0,244.0,17.0
-70.0,70.0,242.0,14.0
-70.0,70.0,279.0,238.0
-70.0,70.0,199.0,240.0
-70.0,70.0,198.0,238.0
-70.0,70.0,177.0,207.0
-70.0,70.0,176.0,190.0
-70.0,70.0,179.0,188.0
-70.0,70.0,247.0,179.0
-70.0,70.0,205.0,173.0
-70.0,70.0,194.0,177.0
-70.0,70.0,202.0,243.0
-70.0,70.0,200.0,202.0
70.0,70.0,197.0,193.0
70.0,70.0,207.0,197.0
70.0,70.0,233.0,195.0
70.0,70.0,228.0,192.0
70.0,70.0,343.0,196.0
70.0,70.0,223.0,222.0
70.0,70.0,219.0,192.0
70.0,70.0,337.0,190.0
70.0,70.0,213.0,181.0
70.0,70.0,209.0,176.0
70.0,70.0,206.0,172.0
70.0,70.0,317.0,170.0
70.0,70.0,198.0,167.0
70.0,70.0,194.0,166.0
70.0,70.0,191.0,158.0
70.0,70.0,189.0,154.0
70.0,70.0,301.0,152.0
70.0,70.0,183.0,148.0
70.0,70.0,179.0,145.0
70.0,70.0,0.0,0.0
0.0,0.0,0.0,0.0
0.0,0.0,0.0,0.0
0.0,0.0,0.0,0.0
0.0,0.0,0.0,0.0
0.0,0.0,0.0,0.0
0.0,0.0,0.0,0.0
0.0,0.0,0.0,0.0
0.0,0.0,0.0,0.0
0.0,0.0,0.0,0.0
0.0,0.0,0.0,0.0
0.0,0.0,0.0,0.0
0.0,0.0,0.0,0.0
0.0,0.0,0.0,0.0
0.0,0.0,0.0,0.0
0.0,0.0,0.0,0.0
0.0,0.0,0.0,0.0
0.0,0.0,0.0,0.0
0.0,0.0,0.0,0.0
0.0,0.0,0.0,0.0
0.0,0.0,0.0,0.0
0.0,0.0,0.0,0.0
0.0,0.0,0.0,0.0
0.0,0.0,0.0,0.0
0.0,0.0,0.0,0.0
0.0,0.0,0.0,0.0
0.0,0.0,0.0,0.0
0.0,0.0,0.0,0.0
0.0,0.0,0.0,0.0
0.0,0.0,0.0,0.0
0.0,0.0,0.0,0.0
0.0,0.0,0.0,0.0
0.0,0.0,0.0,0.0
0.0,0.0,0.0,0.0
0.0,0.0,0.0,0.0
0.0,0.0,0.0,0.0
0.0,0.0,0.0,0.0
0.0,0.0,0.0,0.0
0.0,0.0,0.0,0.0
0.0,0.0,0.0,0.0
0.0,0.0,0.0,0.0
0.0,0.0,0.0,0.0
0.0,0.0,0.0,0.0
0.0,0.0,0.0,0.0
0.0,0.0,0.0,0.0
0.0,0.0,0.0,0.0
0.0,0.0,0.0,0.0
0.0,0.0,0.0,0.0
0.0,0.0,0.0,0.0
0.0,0.0,0.0,0.0
0.0,0.0,0.0,0.0
0.0,0.0,0.0,0.0
0.0,0.0,0.0,0.0
0.0,0.0,0.0,0.0
0.0,0.0,0.0,0.0
0.0,0.0,167.0,155.0
70.0,70.0,150.0,146.0
70.0,70.0,125.0,126.0
70.0,70.0,125.0,125.0
70.0,70.0,122.0,122.0
70.0,70.0,116.0,118.0
70.0,70.0,116.0,116.0
70.0,70.0,113.0,112.0
70.0,70.0,110.0,109.0
70.0,70.0,107.0,106.0
70.0,70.0,104.0,103.0
70.0,70.0,101.0,99.0
70.0,70.0,99.0,96.0
70.0,70.0,95.0,93.0
70.0,70.0,92.0,90.0
70.0,70.0,89.0,88.0
70.0,70.0,86.0,84.0
70.0,70.0,83.0,81.0
70.0,70.0,82.0,78.0
70.0,70.0,77.0,75.0
70.0,70.0,74.0,72.0
70.0,70.0,73.0,69.0
70.0,70.0,316.0,65.0
70.0,70.0,66.0,62.0
70.0,70.0,311.0,59.0
70.0,70.0,309.0,55.0
70.0,70.0,306.0,51.0
70.0,70.0,303.0,48.0
70.0,70.0,299.0,45.0
70.0,70.0,47.0,41.0
70.0,70.0,44.0,38.0
70.0,-70.0,39.0,35.0
70.0,-70.0,36.0,31.0
70.0,-70.0,32.0,30.0
70.0,-70.0,29.0,30.0
70.0,-70.0,27.0,33.0
70.0,-70.0,26.0,65.0
70.0,-70.0,26.0,65.0
70.0,-70.0,29.0,253.0
70.0,-70.0,467.0,253.0
70.0,-70.0,57.0,228.0
70.0,-70.0,257.0,256.0
70.0,-70.0,255.0,274.0
70.0,-70.0,255.0,214.0
70.0,-70.0,272.0,188.0
70.0,-70.0,280.0,181.0
70.0,70.0,216.0,180.0
70.0,70.0,214.0,214.0
70.0,70.0,187.0,212.0
70.0,70.0,184.0,214.0
70.0,70.0,182.0,212.0
70.0,70.0,178.0,202.0
70.0,70.0,45.0,199.0
70.0,70.0,173.0,197.0
70.0,70.0,168.0,196.0
70.0,70.0,166.0,189.0
70.0,70.0,161.0,189.0
70.0,70.0,159.0,184.0
70.0,70.0,157.0,181.0
70.0,70.0,152.0,180.0
70.0,70.0,204.0,177.0
70.0,70.0,153.0,171.0
70.0,70.0,170.0,173.0
70.0,70.0,140.0,166.0
70.0,70.0,170.0,164.0
70.0,70.0,0.0,0.0
0.0,0.0,0.0,0.0
0.0,0.0,0.0,0.0
0.0,0.0,0.0,0.0
0.0,0.0,0.0,0.0
0.0,0.0,0.0,0.0
0.0,0.0,0.0,0.0
0.0,0.0,0.0,0.0
0.0,0.0,0.0,0.0
0.0,0.0,0.0,0.0
0.0,0.0,0.0,0.0
0.0,0.0,0.0,0.0
0.0,0.0,0.0,0.0
0.0,0.0,0.0,0.0
0.0,0.0,0.0,0.0
0.0,0.0,0.0,0.0
0.0,0.0,0.0,0.0
0.0,0.0,0.0,0.0
0.0,0.0,0.0,0.0
0.0,0.0,0.0,0.0
0.0,0.0,0.0,0.0
0.0,0.0,0.0,0.0
0.0,0.0,0.0,0.0
0.0,0.0,0.0,0.0
0.0,0.0,0.0,0.0
0.0,0.0,0.0,0.0
0.0,0.0,0.0,0.0
0.0,0.0,0.0,0.0
0.0,0.0,0.0,0.0
0.0,0.0,0.0,0.0
0.0,0.0,0.0,0.0
0.0,0.0,0.0,0.0
0.0,0.0,0.0,0.0
0.0,0.0,0.0,0.0
0.0,0.0,0.0,0.0
0.0,0.0,0.0,0.0
0.0,0.0,0.0,0.0
0.0,0.0,0.0,0.0
0.0,0.0,0.0,0.0
0.0,0.0,0.0,0.0
0.0,0.0,0.0,0.0
0.0,0.0,0.0,0.0
0.0,0.0,0.0,0.0
0.0,0.0,0.0,0.0
0.0,0.0,0.0,0.0
0.0,0.0,0.0,0.0
0.0,0.0,0.0,0.0
0.0,0.0,0.0,0.0
0.0,0.0,0.0,0.0
0.0,0.0,0.0,0.0
0.0,0.0,0.0,0.0
0.0,0.0,0.0,0.0
0.0,0.0,0.0,0.0
0.0,0.0,0.0,0.0
0.0,0.0,0.0,0.0
0.0,0.0,0.0,0.0
0.0,0.0,0.0,0.0
0.0,0.0,0.0,0.0
0.0,0.0,0.0,0.0
0.0,0.0,0.0,0.0
0.0,0.0,0.0,0.0
0.0,0.0,0.0,0.0
0.0,0.0,0.0,0.0
0.0,0.0,0.0,0.0
0.0,0.0,0.0,0.0
0.0,0.0,0.0,0.0
0.0,0.0,0.0,0.0
0.0,0.0,0.0,0.0
0.0,0.0,0.0,0.0
0.0,0.0,0.0,0.0
0.0,0.0,150.0,40.0
50.0,70.0,145.0,41.0
49.0,69.0,137.0,43.0
48.0,68.0,130.0,47.0
47.0,67.0,120.0,50.0
46.0,66.0,111.0,55.0
45.0,65.0,109.0,67.0
44.0,64.0,100.0,64.0
43.0,63.0,95.0,90.0
42.0,62.0,90.0,100.0
41.0,61.0,88.0,90.0
70.0,50.0,78.0,80.0
69.0,49.0,70.0,72.0
68.0,48.0,65.0,67.0
67.0,47.0,60.0,62.0
66.0,46.0,57.0,59.0
65.0,45.0,53.0,55.0
64.0,44.0,47.0,49.0
63.0,43.0,44.0,46.0
62.0,42.0,42.0,44.0
61.0,41.0,43.0,150.0
60.0,40.0,45.0,145.0
59.0,39.0,50.0,137.0
58.0,38.0,200.0,130.0
57.0,37.0,190.0,120.0
56.0,36.0,177.0,111.0
55.0,35.0,167.0,109.0
54.0,34.0,160.0,100.0
53.0,33.0,158.0,95.0
52.0,32.0,151.0,90.0
51.0,31.0,150.0,88.0
60.0,80.0,145.0,78.0
59.0,79.0,137.0,70.0
58.0,78.0,130.0,65.0
57.0,77.0,120.0,60.0
56.0,76.0,111.0,57.0
55.0,75.0,109.0,53.0
54.0,74.0,100.0,47.0
53.0,73.0,95.0,44.0
52.0,72.0,90.0,41.0
51.0,71.0,80.0,43.0
50.0,70.0,72.0,45.0
49.0,69.0,67.0,50.0
48.0,68.0,62.0,64.0
47.0,67.0,59.0,70.0
46.0,66.0,55.0,90.0
45.0,65.0,49.0,88.0
44.0,64.0,46.0,81.0
43.0,63.0,44.0,72.0
42.0,62.0,46.0,61.0
